[{"model": "auth.permission", "pk": 1, "fields": {"name": "Can add log entry", "content_type": 1, "codename": "add_logentry"}}, {"model": "auth.permission", "pk": 2, "fields": {"name": "Can change log entry", "content_type": 1, "codename": "change_logentry"}}, {"model": "auth.permission", "pk": 3, "fields": {"name": "Can delete log entry", "content_type": 1, "codename": "delete_logentry"}}, {"model": "auth.permission", "pk": 4, "fields": {"name": "Can view log entry", "content_type": 1, "codename": "view_logentry"}}, {"model": "auth.permission", "pk": 5, "fields": {"name": "Can add permission", "content_type": 2, "codename": "add_permission"}}, {"model": "auth.permission", "pk": 6, "fields": {"name": "Can change permission", "content_type": 2, "codename": "change_permission"}}, {"model": "auth.permission", "pk": 7, "fields": {"name": "Can delete permission", "content_type": 2, "codename": "delete_permission"}}, {"model": "auth.permission", "pk": 8, "fields": {"name": "Can view permission", "content_type": 2, "codename": "view_permission"}}, {"model": "auth.permission", "pk": 9, "fields": {"name": "Can add group", "content_type": 3, "codename": "add_group"}}, {"model": "auth.permission", "pk": 10, "fields": {"name": "Can change group", "content_type": 3, "codename": "change_group"}}, {"model": "auth.permission", "pk": 11, "fields": {"name": "Can delete group", "content_type": 3, "codename": "delete_group"}}, {"model": "auth.permission", "pk": 12, "fields": {"name": "Can view group", "content_type": 3, "codename": "view_group"}}, {"model": "auth.permission", "pk": 13, "fields": {"name": "Can add content type", "content_type": 4, "codename": "add_contenttype"}}, {"model": "auth.permission", "pk": 14, "fields": {"name": "Can change content type", "content_type": 4, "codename": "change_contenttype"}}, {"model": "auth.permission", "pk": 15, "fields": {"name": "Can delete content type", "content_type": 4, "codename": "delete_contenttype"}}, {"model": "auth.permission", "pk": 16, "fields": {"name": "Can view content type", "content_type": 4, "codename": "view_contenttype"}}, {"model": "auth.permission", "pk": 17, "fields": {"name": "Can add session", "content_type": 5, "codename": "add_session"}}, {"model": "auth.permission", "pk": 18, "fields": {"name": "Can change session", "content_type": 5, "codename": "change_session"}}, {"model": "auth.permission", "pk": 19, "fields": {"name": "Can delete session", "content_type": 5, "codename": "delete_session"}}, {"model": "auth.permission", "pk": 20, "fields": {"name": "Can view session", "content_type": 5, "codename": "view_session"}}, {"model": "auth.permission", "pk": 21, "fields": {"name": "Can add Token", "content_type": 6, "codename": "add_token"}}, {"model": "auth.permission", "pk": 22, "fields": {"name": "Can change Token", "content_type": 6, "codename": "change_token"}}, {"model": "auth.permission", "pk": 23, "fields": {"name": "Can delete Token", "content_type": 6, "codename": "delete_token"}}, {"model": "auth.permission", "pk": 24, "fields": {"name": "Can view Token", "content_type": 6, "codename": "view_token"}}, {"model": "auth.permission", "pk": 25, "fields": {"name": "Can add token", "content_type": 7, "codename": "add_tokenproxy"}}, {"model": "auth.permission", "pk": 26, "fields": {"name": "Can change token", "content_type": 7, "codename": "change_tokenproxy"}}, {"model": "auth.permission", "pk": 27, "fields": {"name": "Can delete token", "content_type": 7, "codename": "delete_tokenproxy"}}, {"model": "auth.permission", "pk": 28, "fields": {"name": "Can view token", "content_type": 7, "codename": "view_tokenproxy"}}, {"model": "auth.permission", "pk": 29, "fields": {"name": "Can add \u041f\u043e\u043b\u044c\u0437\u043e\u0432\u0430\u0442\u0435\u043b\u044c", "content_type": 8, "codename": "add_user"}}, {"model": "auth.permission", "pk": 30, "fields": {"name": "Can change \u041f\u043e\u043b\u044c\u0437\u043e\u0432\u0430\u0442\u0435\u043b\u044c", "content_type": 8, "codename": "change_user"}}, {"model": "auth.permission", "pk": 31, "fields": {"name": "Can delete \u041f\u043e\u043b\u044c\u0437\u043e\u0432\u0430\u0442\u0435\u043b\u044c", "content_type": 8, "codename": "delete_user"}}, {"model": "auth.permission", "pk": 32, "fields": {"name": "Can view \u041f\u043e\u043b\u044c\u0437\u043e\u0432\u0430\u0442\u0435\u043b\u044c", "content_type": 8, "codename": "view_user"}}, {"model": "auth.permission", "pk": 33, "fields": {"name": "Can add follow", "content_type": 9, "codename": "add_follow"}}, {"model": "auth.permission", "pk": 34, "fields": {"name": "Can change follow", "content_type": 9, "codename": "change_follow"}}, {"model": "auth.permission", "pk": 35, "fields": {"name": "Can delete follow", "content_type": 9, "codename": "delete_follow"}}, {"model": "auth.permission", "pk": 36, "fields": {"name": "Can view follow", "content_type": 9, "codename": "view_follow"}}, {"model": "auth.permission", "pk": 37, "fields": {"name": "Can add \u0422\u0435\u0433", "content_type": 10, "codename": "add_tag"}}, {"model": "auth.permission", "pk": 38, "fields": {"name": "Can change \u0422\u0435\u0433", "content_type": 10, "codename": "change_tag"}}, {"model": "auth.permission", "pk": 39, "fields": {"name": "Can delete \u0422\u0435\u0433", "content_type": 10, "codename": "delete_tag"}}, {"model": "auth.permission", "pk": 40, "fields": {"name": "Can view \u0422\u0435\u0433", "content_type": 10, "codename": "view_tag"}}, {"model": "auth.permission", "pk": 41, "fields": {"name": "Can add \u0420\u0435\u0446\u0435\u043f\u0442", "content_type": 11, "codename": "add_recipe"}}, {"model": "auth.permission", "pk": 42, "fields": {"name": "Can change \u0420\u0435\u0446\u0435\u043f\u0442", "content_type": 11, "codename": "change_recipe"}}, {"model": "auth.permission", "pk": 43, "fields": {"name": "Can delete \u0420\u0435\u0446\u0435\u043f\u0442", "content_type": 11, "codename": "delete_recipe"}}, {"model": "auth.permission", "pk": 44, "fields": {"name": "Can view \u0420\u0435\u0446\u0435\u043f\u0442", "content_type": 11, "codename": "view_recipe"}}, {"model": "auth.permission", "pk": 45, "fields": {"name": "Can add \u041a\u043e\u043b\u0438\u0447\u0435\u0441\u0442\u0432\u043e \u0438\u043d\u0433\u0440\u0435\u0434\u0438\u0435\u043d\u0442\u043e\u0432", "content_type": 12, "codename": "add_ingredientsquanity"}}, {"model": "auth.permission", "pk": 46, "fields": {"name": "Can change \u041a\u043e\u043b\u0438\u0447\u0435\u0441\u0442\u0432\u043e \u0438\u043d\u0433\u0440\u0435\u0434\u0438\u0435\u043d\u0442\u043e\u0432", "content_type": 12, "codename": "change_ingredientsquanity"}}, {"model": "auth.permission", "pk": 47, "fields": {"name": "Can delete \u041a\u043e\u043b\u0438\u0447\u0435\u0441\u0442\u0432\u043e \u0438\u043d\u0433\u0440\u0435\u0434\u0438\u0435\u043d\u0442\u043e\u0432", "content_type": 12, "codename": "delete_ingredientsquanity"}}, {"model": "auth.permission", "pk": 48, "fields": {"name": "Can view \u041a\u043e\u043b\u0438\u0447\u0435\u0441\u0442\u0432\u043e \u0438\u043d\u0433\u0440\u0435\u0434\u0438\u0435\u043d\u0442\u043e\u0432", "content_type": 12, "codename": "view_ingredientsquanity"}}, {"model": "auth.permission", "pk": 49, "fields": {"name": "Can add \u0421\u043f\u0438\u0441\u043e\u043a \u043f\u043e\u043a\u0443\u043f\u043e\u043a", "content_type": 13, "codename": "add_shopingcart"}}, {"model": "auth.permission", "pk": 50, "fields": {"name": "Can change \u0421\u043f\u0438\u0441\u043e\u043a \u043f\u043e\u043a\u0443\u043f\u043e\u043a", "content_type": 13, "codename": "change_shopingcart"}}, {"model": "auth.permission", "pk": 51, "fields": {"name": "Can delete \u0421\u043f\u0438\u0441\u043e\u043a \u043f\u043e\u043a\u0443\u043f\u043e\u043a", "content_type": 13, "codename": "delete_shopingcart"}}, {"model": "auth.permission", "pk": 52, "fields": {"name": "Can view \u0421\u043f\u0438\u0441\u043e\u043a \u043f\u043e\u043a\u0443\u043f\u043e\u043a", "content_type": 13, "codename": "view_shopingcart"}}, {"model": "auth.permission", "pk": 53, "fields": {"name": "Can add \u0418\u043d\u0433\u0440\u0438\u0434\u0438\u0435\u043d\u0442", "content_type": 14, "codename": "add_ingredient"}}, {"model": "auth.permission", "pk": 54, "fields": {"name": "Can change \u0418\u043d\u0433\u0440\u0438\u0434\u0438\u0435\u043d\u0442", "content_type": 14, "codename": "change_ingredient"}}, {"model": "auth.permission", "pk": 55, "fields": {"name": "Can delete \u0418\u043d\u0433\u0440\u0438\u0434\u0438\u0435\u043d\u0442", "content_type": 14, "codename": "delete_ingredient"}}, {"model": "auth.permission", "pk": 56, "fields": {"name": "Can view \u0418\u043d\u0433\u0440\u0438\u0434\u0438\u0435\u043d\u0442", "content_type": 14, "codename": "view_ingredient"}}, {"model": "auth.permission", "pk": 57, "fields": {"name": "Can add \u0418\u0437\u0431\u0440\u0430\u043d\u043d\u043e\u0435", "content_type": 15, "codename": "add_favourite"}}, {"model": "auth.permission", "pk": 58, "fields": {"name": "Can change \u0418\u0437\u0431\u0440\u0430\u043d\u043d\u043e\u0435", "content_type": 15, "codename": "change_favourite"}}, {"model": "auth.permission", "pk": 59, "fields": {"name": "Can delete \u0418\u0437\u0431\u0440\u0430\u043d\u043d\u043e\u0435", "content_type": 15, "codename": "delete_favourite"}}, {"model": "auth.permission", "pk": 60, "fields": {"name": "Can view \u0418\u0437\u0431\u0440\u0430\u043d\u043d\u043e\u0435", "content_type": 15, "codename": "view_favourite"}}, {"model": "sessions.session", "pk": "mbjiu6ef3enqp7zh0hz4kdi2p3mh47io", "fields": {"session_data": "MWY2NmFmNjZhYTYwZmYwMmQ0NzI4MjAxYzVjYTY2YzdiZDQ3MjlkZTp7Il9hdXRoX3VzZXJfaWQiOiIxIiwiX2F1dGhfdXNlcl9iYWNrZW5kIjoiZGphbmdvLmNvbnRyaWIuYXV0aC5iYWNrZW5kcy5Nb2RlbEJhY2tlbmQiLCJfYXV0aF91c2VyX2hhc2giOiIzNjRmYWFkNDhmZGIwMjE0NTA2M2Y1ZmFjMjNhZWNmYWE4NjQ0NTNhIn0=", "expire_date": "2021-11-30T14:36:14.558Z"}}, {"model": "sessions.session", "pk": "nzzo5xvvgkske8wo2jjcmqcel4duzdbq", "fields": {"session_data": "MWY2NmFmNjZhYTYwZmYwMmQ0NzI4MjAxYzVjYTY2YzdiZDQ3MjlkZTp7Il9hdXRoX3VzZXJfaWQiOiIxIiwiX2F1dGhfdXNlcl9iYWNrZW5kIjoiZGphbmdvLmNvbnRyaWIuYXV0aC5iYWNrZW5kcy5Nb2RlbEJhY2tlbmQiLCJfYXV0aF91c2VyX2hhc2giOiIzNjRmYWFkNDhmZGIwMjE0NTA2M2Y1ZmFjMjNhZWNmYWE4NjQ0NTNhIn0=", "expire_date": "2021-11-30T12:48:41.803Z"}}, {"model": "users.user", "pk": 1, "fields": {"password": "pbkdf2_sha256$150000$wPIjRnCeXxsq$9Ars2aP3uiTVWT5zst+FCiRtdjHyCv3i+Bb7d2RgXDU=", "last_login": "2021-11-16T15:05:58.830Z", "is_superuser": true, "username": "admin", "first_name": "admin", "last_name": "admin", "is_staff": true, "is_active": true, "date_joined": "2021-11-16T12:44:09.618Z", "email": "admin@yandex.ru", "groups": [], "user_permissions": []}}, {"model": "users.user", "pk": 2, "fields": {"password": "pbkdf2_sha256$150000$EiiXR7sJidWE$X+oCPFtpjlb2j1Z/FGGw433u3qn63tKOxATCHASOV2E=", "last_login": "2021-11-16T14:58:47.929Z", "is_superuser": false, "username": "\u041a\u0438\u0440\u0438\u043b\u043b", "first_name": "\u041a\u0438\u0440\u0438\u043b\u043b", "last_name": "\u0413\u0430\u0446\u0443\u043a", "is_staff": false, "is_active": true, "date_joined": "2021-11-16T14:34:35.840Z", "email": "k@yandex.ru", "groups": [], "user_permissions": []}}, {"model": "users.user", "pk": 3, "fields": {"password": "pbkdf2_sha256$150000$hXZ3kzYSzNjs$2m7Le6ucuYeFwHSZF/lD4W87dtarO8hkajczc4vmwT4=", "last_login": "2021-11-16T14:58:14.704Z", "is_superuser": false, "username": "\u0421\u043e\u0444\u044c\u044f", "first_name": "\u0421\u043e\u043d\u044f", "last_name": "\u041c\u0430\u0440\u043c\u0435\u043b\u0430\u0434\u043e\u0432\u0430", "is_staff": false, "is_active": true, "date_joined": "2021-11-16T14:44:11.239Z", "email": "s@yandex.ru", "groups": [], "user_permissions": []}}, {"model": "recipes.tag", "pk": 1, "fields": {"name": "\u0417\u0430\u0432\u0442\u0440\u0430\u043a", "color": "#CD5C5C", "slug": "breakfast"}}, {"model": "recipes.tag", "pk": 2, "fields": {"name": "\u0423\u0436\u0438\u043d", "color": "#FF1493", "slug": "evening"}}, {"model": "recipes.tag", "pk": 3, "fields": {"name": "\u041f\u0435\u0440\u0432\u043e\u0435 \u0431\u043b\u044e\u0434\u043e", "color": "#FF4500", "slug": "first"}}, {"model": "recipes.tag", "pk": 4, "fields": {"name": "\u0412\u0442\u043e\u0440\u043e\u0435 \u0431\u043b\u044e\u0434\u043e", "color": "#FFFF00", "slug": "second"}}, {"model": "recipes.tag", "pk": 5, "fields": {"name": "\u041a\u0430\u0448\u0438", "color": "#9370DB", "slug": "porridge"}}, {"model": "recipes.ingredient", "pk": 1, "fields": {"name": "\u041a\u0430\u043f\u0443\u0441\u0442\u0430", "measurement_unit": "\u0433"}}, {"model": "recipes.ingredient", "pk": 2, "fields": {"name": "\u041c\u043e\u0440\u043a\u043e\u0432\u044c", "measurement_unit": "\u0448\u0442"}}, {"model": "recipes.ingredient", "pk": 3, "fields": {"name": "\u0420\u0430\u0441\u0442\u0438\u0442\u0435\u043b\u044c\u043d\u043e\u0435 \u043c\u0430\u0441\u043b\u043e", "measurement_unit": "\u0441\u0442. \u043b\u043e\u0436\u043a\u0438"}}, {"model": "recipes.ingredient", "pk": 4, "fields": {"name": "\u0421\u043e\u043b\u044c", "measurement_unit": "\u0447. \u043b\u043e\u0436\u043a\u0438"}}, {"model": "recipes.ingredient", "pk": 5, "fields": {"name": "\u0413\u043e\u0432\u044f\u0434\u0438\u043d\u0430", "measurement_unit": "\u0433"}}, {"model": "recipes.ingredient", "pk": 6, "fields": {"name": "\u041c\u043e\u043b\u043e\u043a\u043e", "measurement_unit": "\u043b"}}, {"model": "recipes.ingredient", "pk": 7, "fields": {"name": "\u0412\u043e\u0434\u0430", "measurement_unit": "\u043b"}}, {"model": "recipes.ingredient", "pk": 8, "fields": {"name": "\u0421\u0432\u0435\u043a\u043b\u0430", "measurement_unit": "\u0433"}}, {"model": "recipes.ingredient", "pk": 9, "fields": {"name": "\u041a\u0430\u0440\u0442\u043e\u0444\u0435\u043b\u044c", "measurement_unit": "\u0448\u0442"}}, {"model": "recipes.ingredient", "pk": 10, "fields": {"name": "\u041b\u0443\u043a", "measurement_unit": "\u0448\u0442"}}, {"model": "recipes.ingredient", "pk": 11, "fields": {"name": "\u041e\u0432\u0441\u044f\u043d\u043a\u0430", "measurement_unit": "\u0433"}}, {"model": "recipes.ingredient", "pk": 12, "fields": {"name": "\u0413\u0440\u0435\u0447\u043a\u0430", "measurement_unit": "\u0433"}}, {"model": "recipes.ingredient", "pk": 13, "fields": {"name": "\u042f\u0439\u0446\u0430", "measurement_unit": "\u0448\u0442"}}, {"model": "recipes.ingredient", "pk": 14, "fields": {"name": "\u041a\u0443\u0440\u0438\u0446\u0430", "measurement_unit": "\u0433"}}, {"model": "recipes.ingredient", "pk": 15, "fields": {"name": "\u041c\u0430\u043a\u0430\u0440\u043e\u043d\u044b", "measurement_unit": "\u0433"}}, {"model": "recipes.ingredient", "pk": 16, "fields": {"name": "\u0424\u0430\u0440\u0448 \u043a\u0443\u0440\u0438\u043d\u044b\u0439", "measurement_unit": "\u0433"}}, {"model": "recipes.ingredient", "pk": 17, "fields": {"name": "\u0422\u043e\u043c\u0430\u0442\u043d\u0430\u044f \u043f\u0430\u0441\u0442\u0430", "measurement_unit": "\u0433"}}, {"model": "recipes.ingredient", "pk": 18, "fields": {"name": "\u0425\u043b\u0435\u0431 \u0442\u043e\u0441\u0442\u043e\u0432\u044b\u0439", "measurement_unit": "\u0448\u0442"}}, {"model": "recipes.ingredient", "pk": 19, "fields": {"name": "\u0421\u043e\u043b\u044c \u0447\u0435\u0441\u043d\u043e\u0447\u043d\u0430\u044f", "measurement_unit": "\u0433"}}, {"model": "recipes.ingredient", "pk": 20, "fields": {"name": "\u0421\u044b\u0440", "measurement_unit": "\u0433"}}, {"model": "recipes.ingredient", "pk": 21, "fields": {"name": "\u0421\u0430\u043b\u0430\u0442", "measurement_unit": "\u0433"}}, {"model": "recipes.ingredient", "pk": 22, "fields": {"name": "\u041c\u0443\u043a\u0430", "measurement_unit": "\u0433"}}, {"model": "recipes.ingredient", "pk": 23, "fields": {"name": "\u0424\u0438\u043b\u0435 \u043c\u0438\u043d\u0442\u0430\u044f", "measurement_unit": "\u0433"}}, {"model": "recipes.ingredient", "pk": 24, "fields": {"name": "\u041c\u0430\u0439\u043e\u043d\u0435\u0437", "measurement_unit": "\u0441\u0442. \u043b\u043e\u0436\u043a\u0438"}}, {"model": "recipes.ingredient", "pk": 25, "fields": {"name": "\u0421\u0432\u0438\u043d\u0438\u043d\u0430", "measurement_unit": "\u0433"}}, {"model": "recipes.recipe", "pk": 1, "fields": {"author": 1, "name": "\u0411\u043e\u0440\u0449 \u0441 \u0433\u043e\u0432\u044f\u0434\u0438\u043d\u043e\u0439", "image": "b091312d-1008-4af2-8714-9d0ffb16a798.jpg", "text": "\u0412\u043a\u0443\u0441\u043d\u044b\u0439 \u043a\u0440\u0430\u0441\u043d\u044b\u0439 \u0431\u043e\u0440\u0449 \u0441 \u0433\u043e\u0432\u044f\u0434\u0438\u043d\u043e\u0439 \u043f\u0440\u0438\u0433\u043e\u0442\u043e\u0432\u0438\u0442\u044c \u043e\u0447\u0435\u043d\u044c \u043b\u0435\u0433\u043a\u043e.", "cooking_time": 50, "pub_date": "2021-11-16T12:59:02.477Z", "ingredients": [], "tags": [3]}}, {"model": "recipes.recipe", "pk": 2, "fields": {"author": 1, "name": "\u041b\u0430\u0437\u0430\u043d\u044c\u044f", "image": "da923ab7-5f0a-4fb0-b626-6e8d678fcaed.jpg", "text": "\u0415\u0441\u043b\u0438 \u0443 \u0432\u0430\u0441 \u043d\u0435 \u0445\u0432\u0430\u0442\u0430\u0435\u0442 \u0432\u0440\u0435\u043c\u0435\u043d\u0438 \u0434\u043b\u044f \u043f\u0440\u0438\u0433\u043e\u0442\u043e\u0432\u043b\u0435\u043d\u0438\u044f \u043b\u0438\u0441\u0442\u043e\u0432 \u0434\u043b\u044f \u043b\u0430\u0437\u0430\u043d\u044c\u0438, \u0437\u0430\u043c\u0435\u043d\u0438\u0442\u0435 \u0438\u0445 \u043b\u0430\u0432\u0430\u0448\u043e\u043c! \u0420\u0435\u043a\u043e\u043c\u0435\u043d\u0434\u0443\u044e \u0440\u0435\u0446\u0435\u043f\u0442 \u0431\u044b\u0441\u0442\u0440\u043e\u0439 \u0438 \u043e\u0447\u0435\u043d\u044c \u0432\u043a\u0443\u0441\u043d\u043e\u0439 \"\u043b\u0435\u043d\u0438\u0432\u043e\u0439\" \u043b\u0430\u0437\u0430\u043d\u044c\u0438 \u0438\u0437 \u043b\u0430\u0432\u0430\u0448\u0430.", "cooking_time": 30, "pub_date": "2021-11-16T13:07:32.802Z", "ingredients": [], "tags": [2, 4]}}, {"model": "recipes.recipe", "pk": 3, "fields": {"author": 1, "name": "\u041e\u0432\u0441\u044f\u043d\u043a\u0430", "image": "0a6e0e9e-cb4d-42f6-aa38-f19eeb9bfd08.jpg", "text": "\u0412\u043a\u0443\u0441\u043d\u0430\u044f \u043e\u0432\u0441\u044f\u043d\u043a\u0430 \u0431\u044b\u0441\u0442\u0440\u043e\u0433\u043e \u043f\u0440\u0438\u0433\u043e\u0442\u043e\u0432\u043b\u0435\u043d\u0438\u044f", "cooking_time": 25, "pub_date": "2021-11-16T13:24:28.443Z", "ingredients": [], "tags": [1, 5]}}, {"model": "recipes.recipe", "pk": 4, "fields": {"author": 2, "name": "\u041c\u0430\u043a\u0430\u0440\u043e\u043d\u044b \u043f\u043e-\u0444\u043b\u043e\u0442\u0441\u043a\u0438", "image": "232dbf7f-843e-46e6-96ab-bed47a61fc38.jpg", "text": "\u041c\u0430\u043a\u0430\u0440\u043e\u043d\u044b \u043f\u043e-\u0444\u043b\u043e\u0442\u0441\u043a\u0438 - \u0440\u0435\u0446\u0435\u043f\u0442 \u0431\u044b\u0441\u0442\u0440\u043e\u0433\u043e \u0438 \u043d\u0435\u0441\u043b\u043e\u0436\u043d\u043e\u0433\u043e \u0432 \u043f\u0440\u0438\u0433\u043e\u0442\u043e\u0432\u043b\u0435\u043d\u0438\u0438 \u0431\u043b\u044e\u0434\u0430, \u043e\u0431\u043b\u0430\u0434\u0430\u044e\u0449\u0435\u0433\u043e \u043e\u0442\u043c\u0435\u043d\u043d\u044b\u043c \u0432\u043a\u0443\u0441\u043e\u043c. \u041c\u0435\u043d\u044f \u043c\u0430\u043a\u0430\u0440\u043e\u043d\u044b \u043f\u043e-\u0444\u043b\u043e\u0442\u0441\u043a\u0438 \u0441 \u0444\u0430\u0440\u0448\u0435\u043c \u0432\u044b\u0440\u0443\u0447\u0430\u044e\u0442 \u0432\u0441\u0435\u0433\u0434\u0430. \u041d\u0435 \u0441\u0442\u044b\u0434\u043d\u043e \u0438 \u0433\u043e\u0441\u0442\u0435\u0439 \u0443\u0433\u043e\u0441\u0442\u0438\u0442\u044c.", "cooking_time": 35, "pub_date": "2021-11-16T14:40:10.405Z", "ingredients": [], "tags": [2]}}, {"model": "recipes.recipe", "pk": 5, "fields": {"author": 2, "name": "\u0422\u043e\u0441\u0442\u044b", "image": "b7e2eab5-01fe-443b-8521-8b3e49ee70da.jpg", "text": "\u0427\u0442\u043e \u043c\u043e\u0436\u0435\u0442 \u0431\u044b\u0442\u044c \u043f\u0440\u043e\u0449\u0435 \u0438 \u0431\u044b\u0441\u0442\u0440\u0435\u0435 \u0434\u043b\u044f \u0437\u0430\u0432\u0442\u0440\u0430\u043a\u0430, \u0447\u0435\u043c \u0442\u043e\u0441\u0442\u044b? \u041d\u0430\u043f\u0440\u0438\u043c\u0435\u0440, \u0430\u0440\u043e\u043c\u0430\u0442\u043d\u044b\u0435 \u0447\u0435\u0441\u043d\u043e\u0447\u043d\u044b\u0435 \u0442\u043e\u0441\u0442\u044b \u0441 \u0441\u044b\u0440\u043e\u043c.", "cooking_time": 25, "pub_date": "2021-11-16T14:42:50.303Z", "ingredients": [], "tags": [1]}}, {"model": "recipes.recipe", "pk": 6, "fields": {"author": 3, "name": "\u0421\u0430\u043b\u0430\u0442 \u0446\u0435\u0437\u0430\u0440\u044c", "image": "0a30f7f2-526c-4273-9917-8541a761ce67.jpg", "text": "\u042d\u0442\u043e\u0442 \u0441\u0430\u043b\u0430\u0442 \u043c\u043e\u0436\u043d\u043e \u0433\u043e\u0442\u043e\u0432\u0438\u0442\u044c \u043f\u043e \u043c\u043d\u043e\u0433\u0438\u043c \u0440\u0435\u0446\u0435\u043f\u0442\u0430\u043c. \u042f \u043f\u0440\u0435\u0434\u043b\u0430\u0433\u0430\u044e \u0441\u0430\u043b\u0430\u0442 \u0446\u0435\u0437\u0430\u0440\u044c \u0441 \u043a\u0443\u0440\u0438\u0446\u0435\u0439, \u0434\u043e\u0441\u0442\u0443\u043f\u043d\u044b\u0439 \u0432\u0441\u0435\u043c.", "cooking_time": 15, "pub_date": "2021-11-16T14:47:13.312Z", "ingredients": [], "tags": [3]}}, {"model": "recipes.recipe", "pk": 7, "fields": {"author": 3, "name": "\u0411\u043b\u0438\u043d\u044b", "image": "1f290949-3a51-4362-b9d7-b07d444beb84.jpg", "text": "\u041c\u0435\u043d\u044f \u0431\u0430\u0431\u0443\u0448\u043a\u0430 \u0432\u0441\u0435\u0433\u0434\u0430 \u0431\u0430\u043b\u0443\u0435\u0442 \u0447\u0435\u043c-\u0442\u043e \u0432\u043a\u0443\u0441\u043d\u044b\u043c. \u0412\u043e\u0442 \u0441\u0435\u0433\u043e\u0434\u043d\u044f \u0432\u043c\u0435\u0441\u0442\u0435 \u043f\u0435\u043a\u043b\u0438 \u0431\u043b\u0438\u043d\u044b. \u0423\u0433\u043e\u0449\u0430\u0439\u0442\u0435\u0441\u044c...", "cooking_time": 40, "pub_date": "2021-11-16T14:49:56.294Z", "ingredients": [], "tags": [1]}}, {"model": "recipes.recipe", "pk": 8, "fields": {"author": 3, "name": "\u041a\u0430\u0440\u0442\u043e\u0444\u0435\u043b\u044c\u043d\u0438\u043a\u0438 \u0441 \u0441\u044b\u0440\u043e\u043c", "image": "e0577b62-16d3-4782-8c8c-cd1747cbcb62.jpg", "text": "\u0415\u0441\u043b\u0438 \u043e\u0441\u0442\u0430\u043b\u043e\u0441\u044c \u043a\u0430\u0440\u0442\u043e\u0444\u0435\u043b\u044c\u043d\u043e\u0435 \u043f\u044e\u0440\u0435, \u043b\u0435\u0433\u043a\u043e \u043f\u0440\u0438\u0433\u043e\u0442\u043e\u0432\u0438\u0442\u044c \u0441\u0442\u0430\u0440\u043e\u0435 \u0437\u043d\u0430\u043a\u043e\u043c\u043e\u0435 \u0431\u043b\u044e\u0434\u043e - \u043a\u0430\u0440\u0442\u043e\u0444\u0435\u043b\u044c\u043d\u0438\u043a\u0438. \u041c\u043e\u0436\u0435\u0442 \u0431\u044b\u0442\u044c \u0441\u043b\u0435\u0433\u043a\u0430 \u043d\u0430 \u043d\u043e\u0432\u044b\u0439 \u043b\u0430\u0434 \u2014 \u0432 \u043a\u0430\u0440\u0442\u043e\u0448\u043a\u0443 \u0434\u043e\u0431\u0430\u0432\u0438\u043c \u043c\u044f\u0433\u043a\u0443\u044e \u0444\u0435\u0442\u0443.", "cooking_time": 45, "pub_date": "2021-11-16T14:55:52.041Z", "ingredients": [], "tags": [1, 2, 3]}}, {"model": "recipes.recipe", "pk": 9, "fields": {"author": 2, "name": "\"\u041f\u0440\u043e\u0441\u0442\u043e \u0440\u044b\u0431\u0430\" \u0441 \u0441\u044b\u0440\u043e\u043c", "image": "b80cf153-53e0-4e29-be70-5afef27b7db6.jpg", "text": "\u0417\u0430\u043f\u0435\u0447\u0451\u043d\u043d\u0430\u044f \u0440\u044b\u0431\u0430 \u0441 \u043e\u0432\u043e\u0449\u0430\u043c\u0438 \u0438 \u0441\u044b\u0440\u043e\u043c. \u041f\u0440\u043e\u0441\u0442\u043e\u0439 \u0440\u0435\u0446\u0435\u043f\u0442 \u0440\u044b\u0431\u044b \u0441 \u0441\u044b\u0440\u043e\u043c \u043f\u043e \u0434\u043e\u0441\u0442\u043e\u0438\u043d\u0441\u0442\u0432\u0443 \u043e\u0446\u0435\u043d\u044f\u0442 \u0432\u0430\u0448\u0438 \u0431\u043b\u0438\u0437\u043a\u0438\u0435.", "cooking_time": 35, "pub_date": "2021-11-16T15:01:28.515Z", "ingredients": [], "tags": [4]}}, {"model": "recipes.recipe", "pk": 10, "fields": {"author": 2, "name": "\u0421\u0430\u043b\u0430\u0442 \"\u041f\u0440\u043e\u043b\u0435\u0442\u0430\u0440\u0441\u043a\u0438\u0439\" \u0441 \u043a\u0430\u043f\u0443\u0441\u0442\u043e\u0439 \u0438 \u043e\u0433\u0443\u0440\u0446\u0430\u043c\u0438", "image": "aa5eb9bc-42f0-467b-9ee3-0db368db8d2c.jpg", "text": "\u041e\u0447\u0435\u043d\u044c \u043f\u0440\u043e\u0441\u0442\u043e\u0439 \u043e\u0432\u043e\u0449\u043d\u043e\u0439 \u0441\u0430\u043b\u0430\u0442. \u0418 \u0432 \u043f\u0438\u0440, \u0438 \u0432 \u043c\u0438\u0440, \u043a\u0430\u043a \u0433\u043e\u0432\u043e\u0440\u0438\u0442\u0441\u044f...", "cooking_time": 25, "pub_date": "2021-11-16T15:03:45.749Z", "ingredients": [], "tags": [3]}}, {"model": "recipes.recipe", "pk": 11, "fields": {"author": 1, "name": "\u0421\u0432\u0438\u043d\u0438\u043d\u0430 \u00ab\u0411\u043e\u044f\u0440\u0441\u043a\u0430\u044f\u00bb", "image": "acb8f2be-4e39-4767-b9b5-8303e81af685.jpg", "text": "\u042d\u0442\u043e \u0431\u043b\u044e\u0434\u043e - \u0441\u0432\u0438\u043d\u0438\u043d\u0430 \u043f\u043e-\u0431\u043e\u044f\u0440\u0441\u043a\u0438 - \u0443\u0434\u043e\u0431\u043d\u043e \u0442\u0435\u043c, \u0447\u0442\u043e \u0433\u043e\u0442\u043e\u0432\u0438\u0442\u0441\u044f \u0441\u0440\u0430\u0437\u0443 \u0441 \u0433\u0430\u0440\u043d\u0438\u0440\u043e\u043c. \u0422\u0430\u043a\u0430\u044f \u0437\u0430\u043f\u0435\u0447\u0435\u043d\u043d\u0430\u044f \u0441\u0432\u0438\u043d\u0438\u043d\u0430, \u0431\u0435\u0437 \u0441\u043e\u043c\u043d\u0435\u043d\u0438\u044f, \u0443\u043a\u0440\u0430\u0441\u0438\u0442 \u043b\u044e\u0431\u043e\u0439 \u0441\u0442\u043e\u043b.", "cooking_time": 70, "pub_date": "2021-11-16T15:07:24.523Z", "ingredients": [], "tags": [4]}}, {"model": "recipes.recipe", "pk": 12, "fields": {"author": 1, "name": "\u0428\u0438\u043a\u0430\u0440\u043d\u044b\u0439 \u043f\u0435\u0447\u0435\u043d\u044b\u0439 \u043a\u0430\u0440\u0442\u043e\u0444\u0435\u043b\u044c", "image": "c4ed1934-7eb0-49b3-bf6e-f63d192da7f1.jpg", "text": "\u041c\u043e\u0433\u0443 \u0441 \u0442\u043e\u0447\u043d\u043e\u0439 \u0443\u0432\u0435\u0440\u0435\u043d\u043d\u043e\u0441\u0442\u044c\u044e \u0441\u043a\u0430\u0437\u0430\u0442\u044c, \u0447\u0442\u043e \u0442\u0430\u043a\u043e\u0439 \u043f\u0435\u0447\u0435\u043d\u044b\u0439 \u043a\u0430\u0440\u0442\u043e\u0444\u0435\u043b\u044c \u043d\u0435 \u043e\u0441\u0442\u0430\u0432\u0438\u0442 \u0440\u0430\u0432\u043d\u043e\u0434\u0443\u0448\u043d\u044b\u043c \u043d\u0438\u043a\u043e\u0433\u043e. \u041f\u0440\u043e\u0441\u0442\u043e \u043f\u0430\u043b\u044c\u0447\u0438\u043a\u0438 \u043e\u0431\u043b\u0438\u0436\u0435\u0448\u044c!", "cooking_time": 65, "pub_date": "2021-11-16T15:09:04.385Z", "ingredients": [], "tags": [2, 4]}}, {"model": "recipes.recipe", "pk": 13, "fields": {"author": 1, "name": "\u0421\u0432\u0435\u043a\u043b\u0430 \u043f\u043e-\u043a\u043e\u0440\u0435\u0439\u0441\u043a\u0438", "image": "fb27d459-6040-49d8-b702-70f5efd3ab74.jpg", "text": "\u041f\u0440\u0438\u0433\u043e\u0442\u043e\u0432\u0438\u043c \u0441\u0432\u0435\u043a\u043b\u0443 \u043f\u043e-\u043a\u043e\u0440\u0435\u0439\u0441\u043a\u0438?", "cooking_time": 35, "pub_date": "2021-11-16T15:10:58.513Z", "ingredients": [], "tags": [2, 4]}}, {"model": "recipes.ingredientsquanity", "pk": 6, "fields": {"ingredient": 5, "recipe": 1, "amount": 800}}, {"model": "recipes.ingredientsquanity", "pk": 7, "fields": {"ingredient": 8, "recipe": 1, "amount": 300}}, {"model": "recipes.ingredientsquanity", "pk": 8, "fields": {"ingredient": 9, "recipe": 1, "amount": 5}}, {"model": "recipes.ingredientsquanity", "pk": 9, "fields": {"ingredient": 1, "recipe": 1, "amount": 500}}, {"model": "recipes.ingredientsquanity", "pk": 10, "fields": {"ingredient": 2, "recipe": 1, "amount": 1}}, {"model": "recipes.ingredientsquanity", "pk": 12, "fields": {"ingredient": 5, "recipe": 2, "amount": 500}}, {"model": "recipes.ingredientsquanity", "pk": 13, "fields": {"ingredient": 11, "recipe": 3, "amount": 500}}, {"model": "recipes.ingredientsquanity", "pk": 14, "fields": {"ingredient": 6, "recipe": 3, "amount": 2}}, {"model": "recipes.ingredientsquanity", "pk": 15, "fields": {"ingredient": 15, "recipe": 4, "amount": 500}}, {"model": "recipes.ingredientsquanity", "pk": 16, "fields": {"ingredient": 16, "recipe": 4, "amount": 450}}, {"model": "recipes.ingredientsquanity", "pk": 17, "fields": {"ingredient": 4, "recipe": 4, "amount": 1}}, {"model": "recipes.ingredientsquanity", "pk": 18, "fields": {"ingredient": 17, "recipe": 4, "amount": 50}}, {"model": "recipes.ingredientsquanity", "pk": 19, "fields": {"ingredient": 10, "recipe": 4, "amount": 1}}, {"model": "recipes.ingredientsquanity", "pk": 20, "fields": {"ingredient": 19, "recipe": 5, "amount": 20}}, {"model": "recipes.ingredientsquanity", "pk": 21, "fields": {"ingredient": 18, "recipe": 5, "amount": 6}}, {"model": "recipes.ingredientsquanity", "pk": 22, "fields": {"ingredient": 20, "recipe": 5, "amount": 300}}, {"model": "recipes.ingredientsquanity", "pk": 23, "fields": {"ingredient": 14, "recipe": 6, "amount": 300}}, {"model": "recipes.ingredientsquanity", "pk": 24, "fields": {"ingredient": 21, "recipe": 6, "amount": 100}}, {"model": "recipes.ingredientsquanity", "pk": 25, "fields": {"ingredient": 19, "recipe": 6, "amount": 100}}, {"model": "recipes.ingredientsquanity", "pk": 26, "fields": {"ingredient": 13, "recipe": 6, "amount": 4}}, {"model": "recipes.ingredientsquanity", "pk": 27, "fields": {"ingredient": 22, "recipe": 7, "amount": 200}}, {"model": "recipes.ingredientsquanity", "pk": 28, "fields": {"ingredient": 13, "recipe": 7, "amount": 3}}, {"model": "recipes.ingredientsquanity", "pk": 29, "fields": {"ingredient": 6, "recipe": 7, "amount": 1}}, {"model": "recipes.ingredientsquanity", "pk": 30, "fields": {"ingredient": 4, "recipe": 7, "amount": 1}}, {"model": "recipes.ingredientsquanity", "pk": 31, "fields": {"ingredient": 9, "recipe": 8, "amount": 2}}, {"model": "recipes.ingredientsquanity", "pk": 32, "fields": {"ingredient": 10, "recipe": 8, "amount": 2}}, {"model": "recipes.ingredientsquanity", "pk": 33, "fields": {"ingredient": 13, "recipe": 8, "amount": 3}}, {"model": "recipes.ingredientsquanity", "pk": 34, "fields": {"ingredient": 22, "recipe": 8, "amount": 100}}, {"model": "recipes.ingredientsquanity", "pk": 35, "fields": {"ingredient": 4, "recipe": 8, "amount": 1}}, {"model": "recipes.ingredientsquanity", "pk": 36, "fields": {"ingredient": 23, "recipe": 9, "amount": 500}}, {"model": "recipes.ingredientsquanity", "pk": 37, "fields": {"ingredient": 10, "recipe": 9, "amount": 2}}, {"model": "recipes.ingredientsquanity", "pk": 38, "fields": {"ingredient": 20, "recipe": 9, "amount": 100}}, {"model": "recipes.ingredientsquanity", "pk": 39, "fields": {"ingredient": 4, "recipe": 9, "amount": 1}}, {"model": "recipes.ingredientsquanity", "pk": 40, "fields": {"ingredient": 1, "recipe": 10, "amount": 500}}, {"model": "recipes.ingredientsquanity", "pk": 41, "fields": {"ingredient": 10, "recipe": 10, "amount": 2}}, {"model": "recipes.ingredientsquanity", "pk": 42, "fields": {"ingredient": 4, "recipe": 10, "amount": 1}}, {"model": "recipes.ingredientsquanity", "pk": 43, "fields": {"ingredient": 24, "recipe": 10, "amount": 2}}, {"model": "recipes.ingredientsquanity", "pk": 44, "fields": {"ingredient": 25, "recipe": 11, "amount": 1500}}, {"model": "recipes.ingredientsquanity", "pk": 45, "fields": {"ingredient": 10, "recipe": 11, "amount": 3}}, {"model": "recipes.ingredientsquanity", "pk": 46, "fields": {"ingredient": 20, "recipe": 11, "amount": 200}}, {"model": "recipes.ingredientsquanity", "pk": 47, "fields": {"ingredient": 9, "recipe": 11, "amount": 7}}, {"model": "recipes.ingredientsquanity", "pk": 48, "fields": {"ingredient": 19, "recipe": 11, "amount": 50}}, {"model": "recipes.ingredientsquanity", "pk": 49, "fields": {"ingredient": 9, "recipe": 12, "amount": 5}}, {"model": "recipes.ingredientsquanity", "pk": 50, "fields": {"ingredient": 3, "recipe": 12, "amount": 2}}, {"model": "recipes.ingredientsquanity", "pk": 51, "fields": {"ingredient": 10, "recipe": 12, "amount": 2}}, {"model": "recipes.ingredientsquanity", "pk": 52, "fields": {"ingredient": 20, "recipe": 12, "amount": 300}}, {"model": "recipes.ingredientsquanity", "pk": 53, "fields": {"ingredient": 13, "recipe": 12, "amount": 5}}, {"model": "recipes.ingredientsquanity", "pk": 54, "fields": {"ingredient": 8, "recipe": 13, "amount": 300}}, {"model": "recipes.ingredientsquanity", "pk": 55, "fields": {"ingredient": 19, "recipe": 13, "amount": 50}}, {"model": "recipes.ingredientsquanity", "pk": 56, "fields": {"ingredient": 3, "recipe": 13, "amount": 1}}, {"model": "recipes.shopingcart", "pk": 1, "fields": {"user": 1, "recipe": 3}}, {"model": "authtoken.token", "pk": "0b1d585447df803fa63c2b062dad03d0be788862", "fields": {"user": 1, "created": "2021-11-16T15:05:58.824Z"}}, {"model": "admin.logentry", "pk": 1, "fields": {"action_time": "2021-11-16T12:50:40.216Z", "user": 1, "content_type": 10, "object_id": "1", "object_repr": "\u0417\u0430\u0432\u0442\u0440\u0430\u043a", "action_flag": 1, "change_message": "[{\"added\": {}}]"}}, {"model": "admin.logentry", "pk": 2, "fields": {"action_time": "2021-11-16T12:50:56.828Z", "user": 1, "content_type": 10, "object_id": "2", "object_repr": "\u0423\u0436\u0438\u043d", "action_flag": 1, "change_message": "[{\"added\": {}}]"}}, {"model": "admin.logentry", "pk": 3, "fields": {"action_time": "2021-11-16T12:51:16.779Z", "user": 1, "content_type": 10, "object_id": "3", "object_repr": "\u041f\u0435\u0440\u0432\u043e\u0435 \u0431\u043b\u044e\u0434\u043e", "action_flag": 1, "change_message": "[{\"added\": {}}]"}}, {"model": "admin.logentry", "pk": 4, "fields": {"action_time": "2021-11-16T12:51:40.556Z", "user": 1, "content_type": 10, "object_id": "4", "object_repr": "\u0412\u0442\u043e\u0440\u043e\u0435 \u0431\u043b\u044e\u0434\u043e", "action_flag": 1, "change_message": "[{\"added\": {}}]"}}, {"model": "admin.logentry", "pk": 5, "fields": {"action_time": "2021-11-16T12:52:05.432Z", "user": 1, "content_type": 10, "object_id": "5", "object_repr": "\u041a\u0430\u0448\u0438", "action_flag": 1, "change_message": "[{\"added\": {}}]"}}, {"model": "admin.logentry", "pk": 6, "fields": {"action_time": "2021-11-16T12:52:29.622Z", "user": 1, "content_type": 14, "object_id": "1", "object_repr": "\u041a\u0430\u043f\u0443\u0441\u0442\u0430", "action_flag": 1, "change_message": "[{\"added\": {}}]"}}, {"model": "admin.logentry", "pk": 7, "fields": {"action_time": "2021-11-16T12:52:38.259Z", "user": 1, "content_type": 14, "object_id": "2", "object_repr": "\u041c\u043e\u0440\u043a\u043e\u0432\u044c", "action_flag": 1, "change_message": "[{\"added\": {}}]"}}, {"model": "admin.logentry", "pk": 8, "fields": {"action_time": "2021-11-16T12:52:53.792Z", "user": 1, "content_type": 14, "object_id": "3", "object_repr": "\u0420\u0430\u0441\u0442\u0438\u0442\u0435\u043b\u044c\u043d\u043e\u0435 \u043c\u0430\u0441\u043b\u043e", "action_flag": 1, "change_message": "[{\"added\": {}}]"}}, {"model": "admin.logentry", "pk": 9, "fields": {"action_time": "2021-11-16T12:53:07.095Z", "user": 1, "content_type": 14, "object_id": "4", "object_repr": "\u0421\u043e\u043b\u044c", "action_flag": 1, "change_message": "[{\"added\": {}}]"}}, {"model": "admin.logentry", "pk": 10, "fields": {"action_time": "2021-11-16T12:53:18.439Z", "user": 1, "content_type": 14, "object_id": "5", "object_repr": "\u0413\u043e\u0432\u044f\u0434\u0438\u043d\u0430", "action_flag": 1, "change_message": "[{\"added\": {}}]"}}, {"model": "admin.logentry", "pk": 11, "fields": {"action_time": "2021-11-16T12:53:26.494Z", "user": 1, "content_type": 14, "object_id": "6", "object_repr": "\u041c\u043e\u043b\u043e\u043a\u043e", "action_flag": 1, "change_message": "[{\"added\": {}}]"}}, {"model": "admin.logentry", "pk": 12, "fields": {"action_time": "2021-11-16T12:53:33.265Z", "user": 1, "content_type": 14, "object_id": "7", "object_repr": "\u0412\u043e\u0434\u0430", "action_flag": 1, "change_message": "[{\"added\": {}}]"}}, {"model": "admin.logentry", "pk": 13, "fields": {"action_time": "2021-11-16T12:53:43.104Z", "user": 1, "content_type": 14, "object_id": "8", "object_repr": "\u0421\u0432\u0435\u043a\u043b\u0430", "action_flag": 1, "change_message": "[{\"added\": {}}]"}}, {"model": "admin.logentry", "pk": 14, "fields": {"action_time": "2021-11-16T12:53:49.144Z", "user": 1, "content_type": 14, "object_id": "1", "object_repr": "\u041a\u0430\u043f\u0443\u0441\u0442\u0430", "action_flag": 2, "change_message": "[{\"changed\": {\"fields\": [\"measurement_unit\"]}}]"}}, {"model": "admin.logentry", "pk": 15, "fields": {"action_time": "2021-11-16T12:54:26.080Z", "user": 1, "content_type": 14, "object_id": "9", "object_repr": "\u041a\u0430\u0440\u0442\u043e\u0444\u0435\u043b\u044c", "action_flag": 1, "change_message": "[{\"added\": {}}]"}}, {"model": "admin.logentry", "pk": 16, "fields": {"action_time": "2021-11-16T12:54:39.792Z", "user": 1, "content_type": 14, "object_id": "10", "object_repr": "\u041b\u0443\u043a", "action_flag": 1, "change_message": "[{\"added\": {}}]"}}, {"model": "admin.logentry", "pk": 17, "fields": {"action_time": "2021-11-16T12:54:51.031Z", "user": 1, "content_type": 14, "object_id": "11", "object_repr": "\u041e\u0432\u0441\u044f\u043d\u043a\u0430", "action_flag": 1, "change_message": "[{\"added\": {}}]"}}, {"model": "admin.logentry", "pk": 18, "fields": {"action_time": "2021-11-16T12:54:58.966Z", "user": 1, "content_type": 14, "object_id": "12", "object_repr": "\u0413\u0440\u0435\u0447\u043a\u0430", "action_flag": 1, "change_message": "[{\"added\": {}}]"}}, {"model": "admin.logentry", "pk": 19, "fields": {"action_time": "2021-11-16T12:55:07.600Z", "user": 1, "content_type": 14, "object_id": "13", "object_repr": "\u042f\u0439\u0446\u0430", "action_flag": 1, "change_message": "[{\"added\": {}}]"}}, {"model": "admin.logentry", "pk": 20, "fields": {"action_time": "2021-11-16T12:55:15.256Z", "user": 1, "content_type": 14, "object_id": "14", "object_repr": "\u041a\u0443\u0440\u0438\u0446\u0430", "action_flag": 1, "change_message": "[{\"added\": {}}]"}}, {"model": "admin.logentry", "pk": 21, "fields": {"action_time": "2021-11-16T14:37:53.515Z", "user": 1, "content_type": 14, "object_id": "15", "object_repr": "\u041c\u0430\u043a\u0430\u0440\u043e\u043d\u044b", "action_flag": 1, "change_message": "[{\"added\": {}}]"}}, {"model": "admin.logentry", "pk": 22, "fields": {"action_time": "2021-11-16T14:38:04.143Z", "user": 1, "content_type": 14, "object_id": "16", "object_repr": "\u0424\u0430\u0440\u0448 \u043a\u0443\u0440\u0438\u043d\u044b\u0439", "action_flag": 1, "change_message": "[{\"added\": {}}]"}}, {"model": "admin.logentry", "pk": 23, "fields": {"action_time": "2021-11-16T14:38:16.667Z", "user": 1, "content_type": 14, "object_id": "17", "object_repr": "\u0422\u043e\u043c\u0430\u0442\u043d\u0430\u044f \u043f\u0430\u0441\u0442\u0430", "action_flag": 1, "change_message": "[{\"added\": {}}]"}}, {"model": "admin.logentry", "pk": 24, "fields": {"action_time": "2021-11-16T14:41:04.949Z", "user": 1, "content_type": 14, "object_id": "18", "object_repr": "\u0425\u043b\u0435\u0431 \u0442\u043e\u0441\u0442\u043e\u0432\u044b\u0439", "action_flag": 1, "change_message": "[{\"added\": {}}]"}}, {"model": "admin.logentry", "pk": 25, "fields": {"action_time": "2021-11-16T14:41:57.200Z", "user": 1, "content_type": 14, "object_id": "19", "object_repr": "\u0421\u043e\u043b\u044c \u0447\u0435\u0441\u043d\u043e\u0447\u043d\u0430\u044f", "action_flag": 1, "change_message": "[{\"added\": {}}]"}}, {"model": "admin.logentry", "pk": 26, "fields": {"action_time": "2021-11-16T14:42:03.738Z", "user": 1, "content_type": 14, "object_id": "20", "object_repr": "\u0421\u044b\u0440", "action_flag": 1, "change_message": "[{\"added\": {}}]"}}, {"model": "admin.logentry", "pk": 27, "fields": {"action_time": "2021-11-16T14:46:23.873Z", "user": 1, "content_type": 14, "object_id": "21", "object_repr": "\u0421\u0430\u043b\u0430\u0442", "action_flag": 1, "change_message": "[{\"added\": {}}]"}}, {"model": "admin.logentry", "pk": 28, "fields": {"action_time": "2021-11-16T14:48:53.609Z", "user": 1, "content_type": 14, "object_id": "22", "object_repr": "\u041c\u0443\u043a\u0430", "action_flag": 1, "change_message": "[{\"added\": {}}]"}}, {"model": "admin.logentry", "pk": 29, "fields": {"action_time": "2021-11-16T14:59:11.900Z", "user": 1, "content_type": 14, "object_id": "23", "object_repr": "\u0424\u0438\u043b\u0435 \u043c\u0438\u043d\u0442\u0430\u044f", "action_flag": 1, "change_message": "[{\"added\": {}}]"}}, {"model": "admin.logentry", "pk": 30, "fields": {"action_time": "2021-11-16T15:03:16.236Z", "user": 1, "content_type": 14, "object_id": "24", "object_repr": "\u041c\u0430\u0439\u043e\u043d\u0435\u0437", "action_flag": 1, "change_message": "[{\"added\": {}}]"}}, {"model": "admin.logentry", "pk": 31, "fields": {"action_time": "2021-11-16T15:05:43.768Z", "user": 1, "content_type": 14, "object_id": "25", "object_repr": "\u0421\u0432\u0438\u043d\u0438\u043d\u0430", "action_flag": 1, "change_message": "[{\"added\": {}}]"}}]